url,primary_keyword,secondary_keywords,intent,target_title,target_h1
"","free online pdf tools","pdf tools no upload, private pdf tools, browser pdf editor, offline pdf tools in browser, pdf tools that don't store your files","transactional","PDFTools: Free Online PDF Tools","Free Online PDF Tools — 52 PDF Tools That Run in Your Browser"
"/about","about pdf tools","who runs pdf tools, private pdf tools story","navigational","About PDFTools — Private, In-Browser PDF Tools","About PDFTools"
"/add-page-numbers","add page numbers to pdf","number pdf pages, insert page numbers pdf, pdf page numbering, add page numbers online free","transactional","Add Page Numbers to PDF Online Free","Add Page Numbers"
"/annotate","annotate pdf","annotate pdf online, highlight pdf, pdf markup tool, comment on pdf, draw on pdf","transactional","Annotate PDF Online Free — Highlight, Comment & Markup","Annotate PDF"
"/batch","batch pdf processing","batch process pdf, bulk pdf tools, process multiple pdfs, pdf batch converter","transactional","Batch Process PDFs Online — Compress, Rotate, Protect & Watermark","Batch Process PDF"
"/bates-numbering","bates numbering pdf","bates stamp pdf, legal bates numbering, bates number generator, sequential page labels pdf","transactional","Add Bates Numbering to PDF - Sequential Page Numbers","Bates Numbering"
"/best-free-pdf-editor","best free pdf editor","free pdf editor comparison, pdf editor without upload","commercial","Best Free PDF Editor Online 2026 — Top 10 Free PDF Tools Compared","Best Free PDF Editor Online 2026"
"/blog","pdf how to guides","pdf tutorials blog, learn pdf editing","informational","PDF How-To Guides & Tutorials","Blog"
"/blog/add-page-numbers-to-pdf","how to add page numbers to a pdf","number pdf pages guide, pdf page numbering tutorial","informational","How to Add Page Numbers to PDF Files Online Free","How to Add Page Numbers to PDF Files Online Free"
"/blog/add-qr-code-to-pdf","how to add a qr code to a pdf","qr code on pdf guide, stamp pdf with qr","informational","How to Add QR Code to PDF Pages Online Free","How to Add QR Code to PDF Pages Online Free"
"/blog/add-watermark-to-pdf","how to watermark a pdf","add watermark to pdf guide, pdf branding watermark","informational","How to Add Watermark to PDF Online Free — Text & Image Watermarks","How to Add Watermark to PDF Online Free"
"/blog/ai-pdf-summarization","how to summarize a pdf with ai","ai pdf summary, summarize long pdf, pdf key points extraction","informational","How to Summarize PDFs with AI — Free Online PDF Summary Tool","How to Summarize PDFs with AI"
"/blog/annotate-pdf-online","how to annotate a pdf","pdf markup guide, highlight and comment pdf","informational","How to Annotate PDF Online Free — Highlight, Comment & Markup","How to Annotate PDF Online Free — Highlight, Comment & Markup"
"/blog/automate-pdf-workflow","automate pdf workflows","pdf batch automation, document workflow automation","informational","How to Automate PDF Workflows — Batch Processing & Automation","How to Automate PDF Workflows"
"/blog/batch-process-pdf-online","how to batch process pdfs","bulk pdf processing guide","informational","How to Batch Process PDF Files Online Free — Edit Multiple PDFs at Once","How to Batch Process PDF Files Online Free"
"/blog/bates-numbering-pdf","how to add bates numbering to pdf","legal bates stamping guide","informational","How to Add Bates Numbering to PDF Documents — Sequential Page Labels","How to Add Bates Numbering to PDF Documents"
"/blog/bulk-rename-pdf-files","how to bulk rename pdf files","rename pdfs by metadata guide","informational","How to Bulk Rename PDF Files by Metadata Online Free","How to Bulk Rename PDF Files by Metadata Online Free"
"/blog/chat-with-pdf-ai","how to chat with a pdf using ai","ask pdf questions guide, pdf conversation ai","informational","Chat with PDF – Free AI PDF Assistant Online","Chat with PDF – Free AI PDF Assistant"
"/blog/clean-pdf-metadata","how to remove metadata from pdf","edit pdf metadata, strip pdf metadata before sharing, pdf privacy metadata","informational","How to Edit or Remove PDF Metadata Online Free — Clean Your Documents","How to Edit or Remove PDF Metadata Online Free"
"/blog/compare-pdfs-online","how to compare two pdf files","pdf version comparison guide, spot differences in pdfs","informational","How to Compare Two PDF Files Online Free — Spot Differences Instantly","How to Compare Two PDF Files Online Free"
"/blog/convert-html-to-pdf","how to convert html to pdf","webpage to pdf guide, save site as pdf","informational","How to Convert HTML to PDF Online Free — Webpage to PDF Converter","How to Convert HTML to PDF Online Free"
"/blog/convert-pdf-to-audio","how to convert pdf to audio","listen to pdf guide, pdf to speech tutorial","informational","How to Convert PDF to Audio Online Free — Listen Instead of Read","How to Convert PDF to Audio Online Free"
"/blog/convert-pdf-to-excel","how to convert pdf table to excel","pdf to csv guide, extract pdf tables","informational","How to Convert PDF to Excel Online Free — Extract Tables","How to Convert PDF to Excel Online Free"
"/blog/convert-pdf-to-images","how to convert pdf to images","pdf to jpg guide, export pdf pages as png","informational","How to Convert PDF to Images Online Free — PDF to JPG/PNG","How to Convert PDF to Images Online Free"
"/blog/convert-pdf-to-pdfa","how to convert pdf to pdf/a","pdf archive conversion guide, pdf/a for compliance","informational","Convert PDF to PDF/A Online Free — Archive Format Converter","Convert PDF to PDF/A Online Free — Archive Format Converter"
"/blog/convert-pdf-to-word","how to convert pdf to word","pdf to docx guide, edit pdf in word","informational","Convert PDF to Word Online Free — PDF to DOCX Converter","Convert PDF to Word Online Free — PDF to DOCX Converter"
"/blog/convert-word-to-pdf","how to convert word to pdf","docx to pdf guide, word document to pdf","informational","Convert Word to PDF Online Free — DOCX to PDF Converter","Convert Word to PDF Online Free — DOCX to PDF Converter"
"/blog/create-pdf-booklet","how to create a pdf booklet","booklet printing guide, n-up pdf tutorial","informational","How to Create a PDF Booklet for Printing Online Free","How to Create a PDF Booklet for Printing Online Free"
"/blog/crop-pdf-margins","how to crop pdf margins","trim pdf edges guide, remove white space pdf","informational","How to Crop PDF Margins Online Free","How to Crop PDF Margins Online Free — Remove Whitespace"
"/blog/delete-pages-from-pdf","how to delete pages from a pdf","remove pdf pages guide","informational","How to Delete Pages from a PDF Online Free (No Signup)","How to Delete Pages from a PDF Online Free (No Signup)"
"/blog/edit-pdf-online","how to edit a pdf without software","edit pdf in browser guide, add text to pdf tutorial","informational","How to Edit a PDF Online Without Installing Software","How to Edit a PDF Online Without Installing Software"
"/blog/extract-pdf-form-data","how to extract pdf form data","pdf form to csv guide","informational","How to Extract PDF Form Data to CSV Online Free","How to Extract PDF Form Data to CSV Online Free"
"/blog/extract-text-from-pdf","how to extract text from a pdf","copy text from pdf guide, pdf text extraction","informational","How to Extract Text from PDF Online Free — Copy Text Instantly","How to Extract Text from PDF Online Free"
"/blog/fill-pdf-forms-online","how to fill out a pdf form","fillable pdf guide, complete pdf forms online","informational","How to Fill PDF Forms Online Free – Complete Forms Instantly","How to Fill PDF Forms Online Free"
"/blog/flatten-pdf-online","how to flatten a pdf","flatten pdf form guide, make pdf non-editable","informational","How to Flatten a PDF Online Free – Merge Layers & Forms","How to Flatten a PDF Online Free"
"/blog/generate-pdf-certificates","how to generate pdf certificates in bulk","certificate merge from csv guide","informational","How to Generate PDF Certificates in Bulk Online Free","How to Generate PDF Certificates in Bulk Online Free"
"/blog/google-drive-pdf-editor","edit pdf from google drive","google drive pdf editing, edit pdf without downloading","informational","How to Edit PDFs from Google Drive — Free Online PDF Editor","How to Edit PDFs from Google Drive"
"/blog/how-to-compress-pdf","how to compress a pdf","compress pdf without losing quality, reduce pdf size for email, compress pdf to 100kb, shrink pdf file","informational","How to Compress a PDF — Reduce PDF File Size Online Free","How to Compress a PDF"
"/blog/how-to-convert-image-to-pdf","how to convert image to pdf","jpg to pdf guide, make pdf from photos, image to pdf without uploading","informational","How to Convert Images to PDF — JPG, PNG to PDF Online Free","How to Convert Images to PDF"
"/blog/how-to-merge-pdf","how to merge pdf files","combine pdfs into one, merge multiple pdfs, join pdf documents, merge pdf without watermark","informational","How to Merge PDFs Online Free — Combine Multiple PDFs Into One","How to Merge PDFs"
"/blog/insert-blank-pages-pdf","how to insert a blank page into a pdf","add page to pdf guide","informational","How to Insert Blank Pages into a PDF Online Free","How to Insert Blank Pages into a PDF Online Free"
"/blog/invert-pdf-colors","how to invert pdf colors","dark mode pdf guide, pdf color inversion","informational","How to Invert PDF Colors Online Free — Dark Mode & High Contrast","How to Invert PDF Colors Online Free"
"/blog/ocr-pdf-online","how to ocr a scanned pdf","make scanned pdf searchable, ocr text extraction guide","informational","How to OCR a Scanned PDF — Make Scanned Files Searchable","How to OCR a Scanned PDF — Make Scanned Files Searchable"
"/blog/organize-pdf-pages","how to organize pdf pages","reorder pdf pages guide, rearrange pdf","informational","How to Reorder and Organize PDF Pages Online Free","How to Reorder and Organize PDF Pages Online Free"
"/blog/pdf-vs-image","pdf vs image formats","when to use pdf over jpg, document format comparison","informational","PDF vs Image – When to Use Each Format for Your Documents","PDF vs Image: When to Use Each Format"
"/blog/protect-pdf-with-password","how to password protect a pdf","encrypt pdf guide, lock pdf file","informational","How to Password Protect a PDF Online Free — Secure Your Documents","How to Password Protect a PDF Online Free"
"/blog/redact-pdf-online","how to redact a pdf","redact pdf securely, search and redact pdf, redaction vs black highlight","informational","How to Redact PDF Online Free — Permanently Remove Sensitive Content","How to Redact PDF Online Free"
"/blog/remove-password-from-pdf","how to remove a password from a pdf","unlock pdf guide, decrypt pdf you own","informational","How to Remove Password from PDF – Unlock PDF Files Online Free","How to Remove Password from PDF Files"
"/blog/repair-pdf-online","how to repair a corrupted pdf","fix damaged pdf guide, pdf won't open","informational","Repair PDF Online Free — Fix Corrupted PDF Files","Repair PDF Online Free — Fix Corrupted PDF Files"
"/blog/resize-pdf-pages","how to resize pdf pages","change pdf page size guide, pdf to a4 resize","informational","How to Resize PDF Pages Online Free — Change to A4, Letter & More","How to Resize PDF Pages Online Free — Change to A4, Letter & Custom Sizes"
"/blog/reverse-pdf-pages","how to reverse pdf page order","flip pdf pages guide","informational","How to Reverse PDF Pages Online Free – Flip Page Order Instantly","How to Reverse PDF Pages Online Free"
"/blog/rotate-pdf-pages-online","how to rotate pdf pages","fix pdf orientation guide","informational","How to Rotate PDF Pages Online Free — Fix Upside-Down Documents","How to Rotate PDF Pages Online Free"
"/blog/scan-to-pdf","how to scan a document to pdf","phone camera pdf scan, turn scan into pdf","informational","How to Scan Documents to PDF Using Your Camera Online Free","How to Scan Documents to PDF Using Your Camera Online Free"
"/blog/secure-pdf-vault","how to store pdfs securely","encrypted pdf storage guide, local pdf vault","informational","How to Store PDFs Securely Online Free — Encrypted Document Vault","How to Store PDFs Securely Online Free"
"/blog/sign-pdf-without-printing","how to sign a pdf without printing","electronic signature pdf guide, esign pdf","informational","How to Sign a PDF Without Printing – Free Online e-Sign Tool","How to Sign a PDF Without Printing"
"/blog/split-pdf-by-bookmarks","how to split a pdf by bookmarks","split pdf chapters guide, outline based split","informational","How to Split a PDF by Bookmarks — Extract Chapters and Sections","How to Split a PDF by Bookmarks"
"/blog/split-pdf-pages-online","how to split a pdf into separate pages","split pdf ranges guide","informational","How to Split PDF Pages Online Free — Extract Specific Pages","How to Split PDF Pages Online Free — Extract Specific Pages"
"/blog/text-to-pdf-converter","how to convert text to pdf","txt to pdf guide, make pdf from text","informational","How to Convert Text to PDF Online Free","How to Convert Text to PDF Online Free (No Software Needed)"
"/blog/word-counter-online","how to count words in a document","word count pdf guide, character counter","informational","Word Counter Online — Free Character & Word Count Tool","Word Counter Online — Free Character & Word Count Tool"
"/booklet","pdf booklet creator","create pdf booklet, booklet printing pdf, n-up pdf, saddle stitch pdf, 2x2 booklet from pdf","transactional","Create PDF Booklet - N-Up Printing & Booklet Layout","PDF Booklet Creator"
"/bulk-rename","bulk rename pdf","rename pdf files by metadata, batch rename pdf, pdf filename generator","transactional","Bulk Rename PDF Files - Auto-Rename by Metadata","Bulk PDF Renamer"
"/certificate-generator","pdf certificate generator","bulk certificate maker, generate certificates from csv, printable certificates pdf","transactional","PDF Certificate Generator - Bulk Certificate Creator","Certificate Generator"
"/chat-pdf","chat with pdf","chat with pdf ai, ask questions about pdf, pdf ai assistant, summarize pdf with ai","transactional","Chat with PDF Online Free — AI-Powered PDF Assistant","Chat with PDF"
"/compress","compress pdf","compress pdf online, reduce pdf file size, shrink pdf, pdf compressor free, compress pdf without uploading, compress pdf to 100kb, reduce pdf size for email","transactional","Compress PDF Online Free — Reduce PDF File Size","Compress PDF"
"/contact","contact pdf tools","pdf tools support contact, get help with pdf tools","navigational","Contact PDFTools Support","Contact Us"
"/crop","crop pdf","crop pdf pages, trim pdf margins, remove pdf margins, crop pdf online free","transactional","Crop PDF Online Free — Remove Margins & Whitespace","Crop PDF Margins"
"/delete-pages","delete pages from pdf","remove pages from pdf, delete pdf pages online, strip pages from pdf","transactional","Delete Pages from PDF Online Free","Delete Pages from PDF"
"/edit-pdf","edit pdf","edit pdf online, pdf editor free, add text to pdf, annotate pdf, edit pdf without uploading, private pdf editor no upload","transactional","Edit PDF Online Free — Add Text, Images & Annotations","Edit PDF Online Free"
"/es","herramientas pdf gratis","herramientas pdf en español, comprimir pdf, editor pdf online","transactional","PDFTools: Herramientas PDF Gratis en Español","PDFTools: Herramientas PDF Gratis en Español"
"/es/compress","comprimir pdf","comprimir pdf online, reducir tamaño de pdf, comprimir pdf sin subir archivos","transactional","Comprimir PDF Online Gratis — Reducir Tamaño de PDF","Comprimir PDF"
"/es/edit-pdf","editar pdf","editar pdf online, añadir texto a pdf, editor pdf gratis","transactional","Editar PDF Online Gratis — Añadir Texto e Imágenes","Editar PDF Online Gratis"
"/es/image-to-pdf","imagen a pdf","jpg a pdf, convertir imagen a pdf, foto a pdf","transactional","Imagen a PDF Online Gratis — JPG y PNG a PDF","Imagen a PDF"
"/es/merge","unir pdf","unir pdf online, combinar pdf en uno, juntar pdf gratis","transactional","Unir PDF Online Gratis — Combinar Varios PDF en Uno","Unir PDF"
"/es/split","dividir pdf","dividir pdf online, separar paginas de pdf, partir pdf","transactional","Dividir PDF Online Gratis — Separar Páginas de PDF","Dividir PDF"
"/es/tools","herramientas pdf online","todas las herramientas pdf, herramientas pdf gratis en español","transactional","Todas las Herramientas PDF Gratuitas","Todas las Herramientas PDF Gratuitas"
"/extract-text","extract text from pdf","pdf text extractor, copy text from pdf, get text out of pdf, extract text without uploading","transactional","Extract Text from PDF Online Free","Extract Text from PDF"
"/fill-form","fill pdf form","fill pdf forms online, pdf form filler, complete pdf form, fill and sign pdf","transactional","Fill PDF Form Online Free — Complete Forms Instantly","Fill PDF Form"
"/flatten-pdf","flatten pdf","flatten pdf form, flatten pdf online, merge pdf layers, make pdf non-editable","transactional","Flatten PDF Online Free — Merge Layers & Form Fields","Flatten PDF"
"/form-data-extract","extract pdf form data","pdf form data to csv, export pdf form fields, batch form extraction","transactional","Extract PDF Form Data to CSV - Form Field Extractor","Form Data Extraction"
"/html-to-pdf","html to pdf","convert html to pdf, webpage to pdf, html pdf converter, save website as pdf","transactional","HTML to PDF Online Free — Convert HTML to PDF","Hello World"
"/image-to-pdf","image to pdf","jpg to pdf, png to pdf, convert image to pdf, photo to pdf, image to pdf online free, picture to pdf without uploading","transactional","Image to PDF Online Free — JPG PNG to PDF","Image to PDF"
"/insert-blank","insert blank page into pdf","add blank page to pdf, insert page in pdf, blank page pdf editor","transactional","Insert Blank Pages - Free Online PDF Tool","Insert Blank Pages"
"/merge","merge pdf","merge pdf online, combine pdf files, join pdf, pdf merger free, merge pdf files without watermark, merge pdf without uploading","transactional","Merge PDF Online Free — Combine PDF Files","Merge PDF"
"/metadata","edit pdf metadata","pdf metadata editor, change pdf title author, pdf properties editor","transactional","PDF Metadata Editor Online Free — Edit Title, Author & Keywords","PDF Metadata Editor"
"/metadata-sanitizer","remove metadata from pdf","strip pdf metadata, clean pdf metadata, pdf metadata sanitizer, remove hidden data from pdf","transactional","PDF Metadata Sanitizer - Remove Hidden Data from PDF","PDF Metadata Sanitizer"
"/ocr-pdf","ocr pdf","ocr pdf online, scanned pdf to text, make pdf searchable, ocr without uploading","transactional","OCR PDF Online Free — Extract Text from Scanned PDF","OCR PDF"
"/organize","organize pdf pages","reorder pdf pages, rearrange pdf, pdf page organizer, move pages in pdf","transactional","Organize PDF Pages Online Free — Reorder & Rearrange","Organize PDF Pages"
"/pdf-diff","compare pdf files","pdf diff tool, compare two pdfs, find differences between pdf versions","transactional","Visual Contract & PDF Diff 2.0","Visual Contract Diff 2.0"
"/pdf-inverter","invert pdf colors","pdf color inverter, dark mode pdf, invert pdf online, grayscale pdf","transactional","PDF Color Inverter - Dark Mode & Accessibility Converter","PDF Color Inverter"
"/pdf-to-audio","pdf to audio","listen to pdf, pdf text to speech, read pdf aloud, pdf audiobook converter","transactional","PDF Text-to-Speech Reader","PDF to Audio Reader"
"/pdf-to-excel","pdf to excel","pdf to csv, extract tables from pdf, pdf table to excel, convert pdf table to spreadsheet","transactional","PDF to Excel Converter — Extract Tables from PDF Online Free","PDF to CSV Extractor"
"/pdf-to-images","pdf to images","pdf to jpg, pdf to png, convert pdf pages to images, save pdf as image","transactional","PDF to Images Online Free — Extract PNG Images","PDF to Images"
"/pdf-to-pdfa","pdf to pdf/a","convert pdf to pdfa, pdf archive format, pdf/a converter, long term pdf preservation","transactional","Convert PDF to PDF/A Online Free — Archive-Ready Format","PDF to PDF/A"
"/pdf-to-word","pdf to word","pdf to docx, convert pdf to word, pdf to word free, edit pdf in word","transactional","PDF to Word Converter Online Free — Editable DOCX","PDF to Word"
"/pdf-tools-for-business","pdf tools for business","business pdf workflows, company pdf tools","commercial","PDF Tools for Business — Secure Document Management","PDF Tools for Business"
"/pdf-tools-for-lawyers","pdf tools for lawyers","legal pdf tools, confidential pdf editing for law firms","commercial","Free PDF Tools for Lawyers — Redact, Merge, Protect & Convert Legal PDFs","Free PDF Tools for Lawyers"
"/pdf-tools-for-small-business","pdf tools for small business","small business pdf software, smb document tools","commercial","Free PDF Tools for Small Business — Invoices, Contracts, Forms & More","Free PDF Tools for Small Business"
"/pdf-tools-for-students","pdf tools for students","student pdf editing, free pdf tools for school","commercial","Free PDF Tools for College Students — Compress, Merge, Edit & More","Free PDF Tools for College Students"
"/pdf-tools-for-teachers","pdf tools for teachers","teacher pdf tools, classroom pdf editing","commercial","Free PDF Tools for Teachers — Worksheets, Certificates, Grading & More","Free PDF Tools for Teachers"
"/pii-guardian","pii scanner pdf","find pii in pdf, detect personal data pdf, privacy scanner for documents","transactional","PII Guardian - 1-Click PDF Auto-Redaction Tool","PII Guardian — Pattern Scan & Secure Redaction"
"/premium","pdf tools premium","pdf tools pricing, premium pdf features, unlimited pdf tools plan","transactional","Premium Pricing & Plans","Go Premium"
"/privacy","pdf tools privacy policy","how pdf tools handle files, no upload privacy policy","navigational","Privacy Policy — How PDFTools Handles Your Files","Privacy Policy"
"/protect","protect pdf with password","password protect pdf, encrypt pdf, secure pdf with password, lock pdf file","transactional","Password Protect PDF Online Free — Encrypt PDF","Password Protect PDF"
"/qa","pdf tools support","pdf help questions, pdf faq, how to use pdf tools","transactional","PDF Questions Answered — Free PDF Tools & Guides","PDF Questions Answered"
"/qr-stamp","add qr code to pdf","qr code stamp pdf, barcode on pdf, add qr code to document","transactional","Add QR Code to PDF - QR Code Stamping Tool","QR Code Stamp"
"/recipes","pdf automation recipes","one click pdf workflow, pdf macros, automate pdf tasks","transactional","PDF Recipes & Macros - 1-Click Multi-Step Workflows","1-Click PDF Automation Recipes"
"/redact","redact pdf","redact pdf online, black out text in pdf, remove sensitive information from pdf, redact pdf locally","transactional","Redact PDF Online Free — Permanently Remove Sensitive Content","Redact PDF"
"/repair-pdf","repair pdf","fix corrupted pdf, repair pdf online, pdf won't open fix, rebuild pdf structure","transactional","Repair PDF Online Free — Rebuild Broken PDF Structure","Re-save PDF Structure"
"/resize","resize pdf pages","change pdf page size, resize pdf to a4, scale pdf pages, make pdf smaller dimensions","transactional","Resize PDF Pages Online Free — Change PDF Size","Resize PDF Pages"
"/reverse-pdf","reverse pdf page order","flip pdf order, reverse pages in pdf, backwards pdf","transactional","Reverse PDF Order Online Free — Flip PDF Pages","Reverse PDF Order"
"/rotate","rotate pdf","rotate pdf pages, rotate pdf online free, fix pdf orientation","transactional","Rotate PDF Online Free — Rotate Pages","Rotate PDF"
"/scan-to-pdf","scan to pdf","scan document to pdf, camera scanner pdf, phone scan to pdf, turn scan into pdf","transactional","Scan to PDF Online Free — Camera Document Scanner","Scan to PDF"
"/search-redact","search and redact pdf","auto redact pdf, find and redact words in pdf, bulk redaction pdf","transactional","Search & Redact PDF - Auto-Redact Multiple Words","Search & Redact"
"/sign","sign pdf","sign pdf online, esign pdf, add signature to pdf, sign pdf without printing","transactional","e-Sign PDF Online Free — Draw Signature on PDF","e-Sign PDF"
"/split","split pdf","split pdf online, split pdf by page range, separate pdf pages, extract pages from pdf, split pdf into multiple files","transactional","Split PDF Online Free — Extract Pages","Split PDF"
"/split-by-bookmarks","split pdf by bookmarks","split pdf chapters, extract bookmarked sections pdf, split by outline","transactional","Split PDF by Bookmarks - Extract Chapters","Split PDF by Bookmarks"
"/studio","pdf studio pipeline","multi step pdf editing, pdf workflow studio, chain pdf tools","transactional","PDF Studio — Try Free for Three Days","PDF Studio Pipeline"
"/terms","pdf tools terms of service","terms for pdf tools site","navigational","Terms of Service","Terms of Service"
"/text-to-pdf","text to pdf","convert text to pdf, txt to pdf, make pdf from text","transactional","Text to PDF Converter Online Free","Text to PDF"
"/tools","pdf tools","all pdf tools, free online pdf tools, pdf toolkit, every pdf tool in one place","transactional","All PDF Tools - 52 Online PDF Tools","All PDF Tools"
"/ultimate-guide-to-pdf-editing","ultimate guide to pdf editing","pdf editing masterclass, learn to edit pdfs","informational","Ultimate Guide to PDF Editing — Free Online PDF Tools","The Ultimate Guide to PDF Editing"
"/unlock","unlock pdf","remove password from pdf, unlock pdf online, decrypt pdf, remove pdf password without software","transactional","Unlock PDF Online Free — Remove Password Protection","Unlock PDF"
"/vault","secure pdf vault","encrypted pdf storage, store pdfs securely, browser pdf vault","transactional","Secure PDF Vault - Encrypted Document Storage","Secure PDF Vault"
"/view","pdf viewer","view pdf online, open pdf in browser, pdf reader online","transactional","PDF Viewer","PDF Viewer"
"/vs","pdf tool comparisons","compare online pdf tools, best pdf tools comparison","commercial","Compare PDF Tools - PDFTools vs Adobe, iLovePDF, SmallPDF","How PDFTools Compares"
"/vs/adobe-acrobat","adobe acrobat alternative","pdf tools vs adobe acrobat, free acrobat alternative, acrobat pro alternative no upload","commercial","Adobe Acrobat Pro vs PDFTools - The Private, Free Alternative","Adobe Acrobat Pro vs. PDFTools"
"/vs/ilovepdf","ilovepdf alternative","ilovepdf vs pdf tools, private alternative to ilovepdf, pdf tools without upload","commercial","iLovePDF vs PDFTools - Why Local Zero-Knowledge Processing Wins","iLovePDF vs. PDFTools"
"/vs/smallpdf","smallpdf alternative","smallpdf vs pdf tools, free smallpdf alternative, local pdf tools like smallpdf","commercial","SmallPDF vs PDFTools - Free Unlimited Browser PDF Editor","SmallPDF vs. PDFTools"
"/watermark","watermark pdf","add watermark to pdf, pdf watermark tool, stamp pdf with text","transactional","Add Watermark to PDF Online Free","Watermark PDF"
"/word-counter","word counter","count words in pdf, pdf word count, character counter document","transactional","PDF Word Counter - Free Online Tool","PDF Word Counter"
"/word-to-pdf","word to pdf","docx to pdf, convert word to pdf, word to pdf converter free","transactional","Word to PDF Converter Online Free — DOCX to PDF","Word to PDF"
